<?xml version="1.0" encoding="UTF-8"?>
<beans xmlns="http://www.springframework.org/schema/beans"
	xmlns:xsi="http://www.w3.org/2001/XMLSchema-instance"
	xsi:schemaLocation="http://www.springframework.org/schema/beans http://www.springframework.org/schema/beans/spring-beans.xsd">

<!-- HandlerMapping 등록 -->
<bean class="org.springframework.web.servlet.handler.SimpleUrlHandlerMapping">
	<property name="mappings">
		<props>
			<prop key="/login.do">login</prop>
			<prop key="/getBoardList.do">getBoardList</prop>
			<prop key="/getBoard.do">getBoard</prop>
			<prop key="/insertBoard.do">insertBoard</prop>
			<prop key="/updateBoard.do">updateBoard</prop>
			<prop key="/deleteBoard.do">deleteBoard</prop>
			<prop key="/logout.do">logout</prop>
		</props>
	</property>
	
</bean>
<!-- Controller 등록 -->
<bean id="login" class="com.globalin.view.user.LoginController"></bean>
<bean id="getBoardList" class="com.globalin.view.board.GetBoardListController"></bean>
<bean id="getBoard" class="com.globalin.view.board.GetBoardController"></bean>
<bean id="insertBoard" class="com.globalin.view.board.InsertBoardController"></bean>
<bean id="updateBoard" class="com.globalin.view.board.UpdateBoardController"></bean>
<bean id="deleteBoard" class="com.globalin.view.board.DeleteBoardController"></bean>
<bean id="logout" class="com.globalin.view.user.LogoutController"></bean>

<!-- ViewResolver 등록 -->

<bean id="viewResolver" class="org.springframework.web.servlet.view.InternalResourceViewResolver">
	<property name="prefix" value="/WEB-INF/board/"></property>
	<property name="suffix" value=".jsp"></property>
</bean>
</beans>
